<?xml version="1.0"?>
<medical_record>
  <id>1</id>
  <health_insurance_nr>324134132</health_insurance_nr>
  <polyclinic_nr>5</polyclinic_nr>
  <date_created>0000-00-00</date_created>
  <created_by>1</created_by>
  <id_doctor>1</id_doctor>
  <id_patient>1</id_patient>
  <blood_type>A</blood_type>
  <rh_factor>Rh+</rh_factor>
  <allergies>yes</allergies>
  <anamnesis>This is the anamnesis</anamnesis>
  <doctor_name>Ana</doctor_name>
  <doctor_surname>Marku</doctor_surname>
  <receptionist_name>Ema</receptionist_name>
  <receptionist_surname>Idrizi</receptionist_surname>
  <in_waiting/>
  <patient>
    <id>1</id>
    <photo>default.jpg</photo>
    <name>Robert</name>
    <father_name>Andrea</father_name>
    <surname>Storms</surname>
    <personal_id>E12345678D</personal_id>
    <gender>M</gender>
    <phone>0682343238</phone>
    <address>Tirane</address>
    <profession>Architect</profession>
    <job>Businessmen</job>
    <guardian>Fitnete Lala</guardian>
    <birthdate>1992-06-17</birthdate>
    <birthplace>Berat</birthplace>
    <email>a@a.c</email>
    <username>robert12345</username>
    <password>robert123</password>
  </patient>
  <visits>
    <visit>
      <id>1</id>
      <id_medical_record>1</id_medical_record>
      <id_doctor>1</id_doctor>
      <allowed_by>1</allowed_by>
      <date_created>2018-05-18</date_created>
      <complaints>none</complaints>
      <diagnosis>flu</diagnosis>
      <medicines>paracetamol</medicines>
      <days_off>0</days_off>
      <is_infectious>0</is_infectious>
      <doctor_name>Ana</doctor_name>
      <doctor_surname>Marku</doctor_surname>
      <receptionist_name>Ema</receptionist_name>
      <receptionist_surname>Idrizi</receptionist_surname>
    </visit>
    <visit>
      <id>2</id>
      <id_medical_record>1</id_medical_record>
      <id_doctor>1</id_doctor>
      <allowed_by>1</allowed_by>
      <date_created>2018-05-23</date_created>
      <complaints>adf</complaints>
      <diagnosis>dafas</diagnosis>
      <medicines>adf</medicines>
      <days_off>0</days_off>
      <is_infectious>0</is_infectious>
      <doctor_name>Ana</doctor_name>
      <doctor_surname>Marku</doctor_surname>
      <receptionist_name>Ema</receptionist_name>
      <receptionist_surname>Idrizi</receptionist_surname>
    </visit>
    <visit>
      <id>3</id>
      <id_medical_record>1</id_medical_record>
      <id_doctor>1</id_doctor>
      <allowed_by>1</allowed_by>
      <date_created>2018-05-23</date_created>
      <complaints/>
      <diagnosis/>
      <medicines/>
      <days_off>0</days_off>
      <is_infectious>0</is_infectious>
      <doctor_name>Ana</doctor_name>
      <doctor_surname>Marku</doctor_surname>
      <receptionist_name>Ema</receptionist_name>
      <receptionist_surname>Idrizi</receptionist_surname>
    </visit>
    <visit>
      <id>4</id>
      <id_medical_record>1</id_medical_record>
      <id_doctor>1</id_doctor>
      <allowed_by>1</allowed_by>
      <date_created>2018-05-23</date_created>
      <complaints/>
      <diagnosis/>
      <medicines/>
      <days_off>0</days_off>
      <is_infectious>0</is_infectious>
      <doctor_name>Ana</doctor_name>
      <doctor_surname>Marku</doctor_surname>
      <receptionist_name>Ema</receptionist_name>
      <receptionist_surname>Idrizi</receptionist_surname>
    </visit>
  </visits>
</medical_record>
