<?xml version="1.0"?>
<medical_record>
  <id/>
  <health_insurance_nr/>
  <polyclinic_nr/>
  <date_created/>
  <created_by/>
  <id_doctor/>
  <id_patient/>
  <blood_type/>
  <rh_factor/>
  <allergies/>
  <anamnesis/>
  <doctor_name/>
  <doctor_surname/>
  <receptionist_name/>
  <receptionist_surname/>
  <in_waiting/>
  <patient>
    <id>2</id>
    <photo>default.jpg</photo>
    <name>Stephan</name>
    <father_name>Denis</father_name>
    <surname>Popp</surname>
    <personal_id>D12345678D</personal_id>
    <gender>M</gender>
    <phone>068346823478</phone>
    <address>Tirane</address>
    <profession>Mechanic</profession>
    <job>Mechanic</job>
    <guardian/>
    <birthdate>1989-12-09</birthdate>
    <birthplace>Bulqize</birthplace>
    <email>stephan123@gmail.com</email>
    <username>stephan123</username>
    <password>stephan123</password>
  </patient>
  <visits/>
</medical_record>
