<?xml version="1.0"?>
<medical_record>
  <id>7</id>
  <health_insurance_nr>12345678</health_insurance_nr>
  <polyclinic_nr>5</polyclinic_nr>
  <date_created>2018-05-29</date_created>
  <created_by>1</created_by>
  <id_doctor>13</id_doctor>
  <id_patient>9</id_patient>
  <blood_type>B</blood_type>
  <rh_factor>Rh-</rh_factor>
  <allergies>sd</allergies>
  <anamnesis>sdf</anamnesis>
  <doctor_name>Zsdf</doctor_name>
  <doctor_surname>Df</doctor_surname>
  <receptionist_name>Ema</receptionist_name>
  <receptionist_surname>Idrizi</receptionist_surname>
  <in_waiting/>
  <patient>
    <id>9</id>
    <photo>default.jpg</photo>
    <name>Sda</name>
    <father_name>Sda</father_name>
    <surname>Dad</surname>
    <personal_id>J23456789K</personal_id>
    <gender>F</gender>
    <phone>0699674817</phone>
    <address>Ssd</address>
    <profession>Sdsf</profession>
    <job>Df</job>
    <guardian>Ssdf Sdsf</guardian>
    <birthdate>1996-12-12</birthdate>
    <birthplace>Fdf</birthplace>
    <email>s@c.c</email>
    <username>sara123</username>
    <password>Tz6NRT0Boo</password>
  </patient>
  <visits>
    <visit>
      <id>5</id>
      <id_medical_record>7</id_medical_record>
      <id_doctor>13</id_doctor>
      <allowed_by>1</allowed_by>
      <date_created>2018-05-29</date_created>
      <complaints>Cough and fever</complaints>
      <diagnosis>flu</diagnosis>
      <medicines>paracetamol</medicines>
      <days_off>4</days_off>
      <is_infectious>1</is_infectious>
      <doctor_name>Zsdf</doctor_name>
      <doctor_surname>Df</doctor_surname>
      <receptionist_name>Ema</receptionist_name>
      <receptionist_surname>Idrizi</receptionist_surname>
    </visit>
    <visit>
      <id>6</id>
      <id_medical_record>7</id_medical_record>
      <id_doctor>13</id_doctor>
      <allowed_by>1</allowed_by>
      <date_created>2018-05-29</date_created>
      <complaints>ad</complaints>
      <diagnosis>dsf</diagnosis>
      <medicines>sdf</medicines>
      <days_off>1</days_off>
      <is_infectious>1</is_infectious>
      <doctor_name>Zsdf</doctor_name>
      <doctor_surname>Df</doctor_surname>
      <receptionist_name>Ema</receptionist_name>
      <receptionist_surname>Idrizi</receptionist_surname>
    </visit>
    <visit>
      <id>7</id>
      <id_medical_record>7</id_medical_record>
      <id_doctor>13</id_doctor>
      <allowed_by>1</allowed_by>
      <date_created>2018-05-29</date_created>
      <complaints>d</complaints>
      <diagnosis>asd</diagnosis>
      <medicines>asd</medicines>
      <days_off>1</days_off>
      <is_infectious>1</is_infectious>
      <doctor_name>Zsdf</doctor_name>
      <doctor_surname>Df</doctor_surname>
      <receptionist_name>Ema</receptionist_name>
      <receptionist_surname>Idrizi</receptionist_surname>
    </visit>
  </visits>
</medical_record>
